timestamp,verdict,latency_ms,packet_loss_pct,network_id
2026-02-21T16:39:30.281933,ğŸ”´ No Network Connection,,,345ec2aaf88608c2
2026-02-21T16:39:55.459576,âœ… Connected,56.772,0.0,345ec2aaf88608c2
2026-02-21T16:40:25.651870,âœ… Connected,81.727,0.0,345ec2aaf88608c2
2026-02-21T16:40:56.216353,âš ï¸ Unstable Connection,309.483,20.0,345ec2aaf88608c2
2026-02-21T16:41:27.638115,âœ… Connected,62.716,0.0,345ec2aaf88608c2
2026-02-21T16:41:54.972161,âœ… Connected,37.171,0.0,345ec2aaf88608c2
2026-02-21T16:57:14.045423,âœ… Connected,8.534,0.0,345ec2aaf88608c2
2026-02-21T16:57:43.848825,âœ… Connected,8.559,0.0,345ec2aaf88608c2
2026-02-21T16:58:13.791136,âœ… Connected,38.996,0.0,345ec2aaf88608c2
2026-02-21T16:58:44.302028,âœ… Connected,37.512,0.0,345ec2aaf88608c2
2026-02-21T16:59:13.945462,âœ… Connected,44.762,0.0,345ec2aaf88608c2
2026-02-21T16:59:44.002359,âœ… Connected,35.062,0.0,345ec2aaf88608c2
2026-02-21T17:00:15.115693,âœ… Connected,25.681,0.0,345ec2aaf88608c2
2026-02-21T17:00:49.282630,âœ… Connected,24.162,0.0,345ec2aaf88608c2
2026-02-21T17:01:15.414469,âœ… Connected,11.857,0.0,345ec2aaf88608c2
2026-02-21T17:01:44.152360,âœ… Connected,53.602,0.0,345ec2aaf88608c2
2026-02-21T17:02:14.586557,âœ… Connected,80.406,0.0,345ec2aaf88608c2
2026-02-21T17:02:44.230882,âœ… Connected,70.857,0.0,345ec2aaf88608c2
2026-02-21T17:03:13.918062,âœ… Connected,44.659,0.0,345ec2aaf88608c2
2026-02-21T17:03:46.010354,âœ… Connected,50.341,0.0,345ec2aaf88608c2
2026-02-21T17:04:14.205550,âœ… Connected,23.351,0.0,345ec2aaf88608c2
2026-02-21T17:04:44.036148,âœ… Connected,32.664,0.0,345ec2aaf88608c2
2026-02-21T17:06:20.148064,âœ… Connected,39.248,0.0,345ec2aaf88608c2
2026-02-21T17:07:20.435034,ğŸ¢ Slow Connection,990.225,0.0,345ec2aaf88608c2
2026-02-21T17:07:50.598813,âœ… Connected,36.806,0.0,345ec2aaf88608c2
2026-02-21T17:08:21.719564,âœ… Connected,72.508,0.0,345ec2aaf88608c2
2026-02-21T17:08:50.758523,âœ… Connected,44.925,0.0,345ec2aaf88608c2
2026-02-21T17:09:20.491425,âœ… Connected,32.166,0.0,345ec2aaf88608c2
2026-02-21T17:09:50.816737,ğŸ“¶ Degraded Performance,131.491,0.0,345ec2aaf88608c2
2026-02-21T17:10:20.642363,âœ… Connected,88.305,0.0,345ec2aaf88608c2
2026-02-21T17:10:51.547304,âœ… Connected,84.472,0.0,345ec2aaf88608c2
2026-02-21T17:11:20.158115,âœ… Connected,16.731,0.0,345ec2aaf88608c2
2026-02-21T17:11:51.295321,âš ï¸ Unstable Connection,37.325,20.0,345ec2aaf88608c2
2026-02-21T17:12:21.887935,âœ… Connected,74.536,0.0,345ec2aaf88608c2
2026-02-21T17:12:50.595327,ğŸ“¶ Degraded Performance,100.117,0.0,345ec2aaf88608c2
2026-02-21T17:13:20.628087,âœ… Connected,45.974,0.0,345ec2aaf88608c2
2026-02-21T17:13:50.881315,âœ… Connected,73.763,0.0,345ec2aaf88608c2
2026-02-21T17:14:21.196061,âœ… Connected,64.314,0.0,345ec2aaf88608c2
2026-02-21T17:14:32.202200,âœ… Connected,46.243,0.0,345ec2aaf88608c2
2026-02-21T17:15:07.467633,âœ… Connected,89.0,0.0,345ec2aaf88608c2
2026-02-21T17:15:33.464564,âš ï¸ Unstable Connection,64.235,20.0,345ec2aaf88608c2
2026-02-21T17:16:02.789232,âœ… Connected,35.503,0.0,345ec2aaf88608c2
2026-02-21T17:16:32.246615,âœ… Connected,90.53,0.0,345ec2aaf88608c2
2026-02-21T17:17:03.243263,âœ… Connected,20.553,0.0,345ec2aaf88608c2
2026-02-21T17:17:32.448369,âœ… Connected,59.825,0.0,345ec2aaf88608c2
2026-02-21T17:18:02.445577,âœ… Connected,85.626,0.0,345ec2aaf88608c2
2026-02-21T17:18:32.883880,âœ… Connected,92.571,0.0,345ec2aaf88608c2
2026-02-21T17:19:02.449474,âœ… Connected,49.983,0.0,345ec2aaf88608c2
2026-02-21T17:19:32.166064,âœ… Connected,32.931,0.0,345ec2aaf88608c2
2026-02-21T17:20:07.319252,âœ… Connected,37.01,0.0,345ec2aaf88608c2
2026-02-21T17:20:32.713918,âœ… Connected,60.931,0.0,345ec2aaf88608c2
2026-02-21T17:21:01.843970,âœ… Connected,31.775,0.0,345ec2aaf88608c2
2026-02-21T17:21:32.177541,âœ… Connected,30.144,0.0,345ec2aaf88608c2
2026-02-21T17:22:01.993123,âœ… Connected,28.947,0.0,345ec2aaf88608c2
2026-02-21T17:22:32.338362,âœ… Connected,76.387,0.0,345ec2aaf88608c2
2026-02-21T17:23:02.947119,âœ… Connected,53.201,0.0,345ec2aaf88608c2
2026-02-21T17:23:32.222915,âœ… Connected,54.63,0.0,345ec2aaf88608c2
2026-02-21T17:24:02.381572,âœ… Connected,64.403,0.0,345ec2aaf88608c2
2026-02-21T17:24:32.379522,âœ… Connected,76.42,0.0,345ec2aaf88608c2
2026-02-21T17:25:02.448811,âœ… Connected,45.117,0.0,345ec2aaf88608c2
2026-02-21T17:25:32.225700,âœ… Connected,43.382,0.0,345ec2aaf88608c2
2026-02-21T17:26:03.052054,âš ï¸ Unstable Connection,89.633,20.0,345ec2aaf88608c2
2026-02-21T17:26:32.117900,âœ… Connected,55.409,0.0,345ec2aaf88608c2
2026-02-21T17:27:04.631418,âœ… Connected,39.72,0.0,345ec2aaf88608c2
2026-02-21T17:27:32.228653,âœ… Connected,68.364,0.0,345ec2aaf88608c2
2026-02-21T17:28:02.673863,âœ… Connected,79.693,0.0,345ec2aaf88608c2
2026-02-21T17:28:32.505974,âœ… Connected,99.18,0.0,345ec2aaf88608c2
2026-02-21T17:29:04.134785,âœ… Connected,44.671,0.0,345ec2aaf88608c2
2026-02-21T17:29:32.526828,ğŸ“¶ Degraded Performance,125.244,0.0,345ec2aaf88608c2
2026-02-21T17:30:02.239924,âœ… Connected,35.588,0.0,345ec2aaf88608c2
2026-02-21T17:30:33.820751,âœ… Connected,77.47,0.0,345ec2aaf88608c2
2026-02-21T17:31:02.335342,âœ… Connected,51.831,0.0,345ec2aaf88608c2
2026-02-21T17:31:36.398972,âœ… Connected,81.26,0.0,345ec2aaf88608c2
2026-02-21T17:32:02.353405,âœ… Connected,68.926,0.0,345ec2aaf88608c2
2026-02-21T17:32:32.812449,ğŸ“¶ Degraded Performance,145.438,0.0,345ec2aaf88608c2
2026-02-21T17:33:02.533712,âœ… Connected,58.805,0.0,345ec2aaf88608c2
2026-02-21T17:33:32.582890,âœ… Connected,70.845,0.0,345ec2aaf88608c2
2026-02-21T17:34:02.489278,âœ… Connected,49.416,0.0,345ec2aaf88608c2
2026-02-21T17:34:34.072587,âš ï¸ Unstable Connection,36.121,20.0,345ec2aaf88608c2
2026-02-21T17:35:02.852312,âœ… Connected,68.642,0.0,345ec2aaf88608c2
2026-02-21T17:35:33.432082,âœ… Connected,32.233,0.0,345ec2aaf88608c2
2026-02-21T17:36:03.522299,âš ï¸ Unstable Connection,53.561,20.0,345ec2aaf88608c2
2026-02-21T17:36:32.962215,âœ… Connected,81.802,0.0,345ec2aaf88608c2
2026-02-21T17:37:02.990012,âœ… Connected,54.785,0.0,345ec2aaf88608c2
2026-02-21T17:37:33.538423,âœ… Connected,92.292,0.0,345ec2aaf88608c2
2026-02-21T17:38:02.601999,âœ… Connected,58.159,0.0,345ec2aaf88608c2
2026-02-21T17:38:32.497410,âœ… Connected,51.608,0.0,345ec2aaf88608c2
2026-02-21T17:39:02.345725,âœ… Connected,28.855,0.0,345ec2aaf88608c2
2026-02-21T17:39:32.429818,âœ… Connected,65.893,0.0,345ec2aaf88608c2
2026-02-21T17:40:02.940901,ğŸ“¶ Degraded Performance,141.132,0.0,345ec2aaf88608c2
2026-02-21T17:40:32.619801,âœ… Connected,42.848,0.0,345ec2aaf88608c2
2026-02-21T17:41:02.620917,âœ… Connected,26.139,0.0,345ec2aaf88608c2
2026-02-21T17:41:32.139696,âœ… Connected,69.363,0.0,345ec2aaf88608c2
2026-02-21T17:42:02.775135,âœ… Connected,54.446,0.0,345ec2aaf88608c2
2026-02-21T17:42:32.598975,âœ… Connected,53.357,0.0,345ec2aaf88608c2
2026-02-21T17:43:02.647143,âœ… Connected,80.879,0.0,345ec2aaf88608c2
2026-02-21T17:43:34.228853,âœ… Connected,60.555,0.0,345ec2aaf88608c2
2026-02-21T17:44:02.676383,âœ… Connected,56.076,0.0,345ec2aaf88608c2
2026-02-21T17:44:33.476091,âœ… Connected,88.724,0.0,345ec2aaf88608c2
2026-02-21T17:45:16.936634,ğŸ”´ No Network Connection,,,345ec2aaf88608c2
2026-02-21T17:47:26.942219,ğŸŒ ISP Outage,,,345ec2aaf88608c2
2026-02-21T17:47:56.992823,ğŸŒ ISP Outage,,,345ec2aaf88608c2
2026-02-21T17:48:27.057853,ğŸŒ ISP Outage,,,345ec2aaf88608c2
2026-02-21T17:48:57.187765,ğŸŒ ISP Outage,,,345ec2aaf88608c2
2026-02-21T17:49:27.230307,ğŸŒ ISP Outage,,,345ec2aaf88608c2
2026-02-21T17:49:57.272838,ğŸŒ ISP Outage,,,345ec2aaf88608c2
2026-02-21T17:50:27.363645,ğŸŒ ISP Outage,,,345ec2aaf88608c2
2026-02-21T17:50:57.488560,ğŸŒ ISP Outage,,,345ec2aaf88608c2
2026-02-21T17:51:27.533514,ğŸŒ ISP Outage,,,345ec2aaf88608c2
2026-02-21T17:51:57.575136,ğŸŒ ISP Outage,,,345ec2aaf88608c2
2026-02-21T17:52:27.614882,ğŸŒ ISP Outage,,,345ec2aaf88608c2
2026-02-21T17:52:57.687804,ğŸŒ ISP Outage,,,345ec2aaf88608c2
2026-02-21T17:53:13.846786,âœ… Connected,72.374,0.0,345ec2aaf88608c2
2026-02-21T17:53:33.207646,âœ… Connected,49.038,0.0,345ec2aaf88608c2
2026-02-21T17:54:03.291443,âœ… Connected,52.365,0.0,345ec2aaf88608c2
2026-02-21T17:54:33.232350,âœ… Connected,38.327,0.0,345ec2aaf88608c2
2026-02-21T17:55:04.026427,âœ… Connected,98.937,0.0,345ec2aaf88608c2
2026-02-21T17:55:33.390737,âœ… Connected,49.288,0.0,345ec2aaf88608c2
2026-02-21T17:56:04.501791,âš ï¸ Unstable Connection,34.843,20.0,345ec2aaf88608c2
2026-02-21T17:56:33.411954,âœ… Connected,55.634,0.0,345ec2aaf88608c2
2026-02-21T17:57:03.306373,âœ… Connected,89.585,0.0,345ec2aaf88608c2
2026-02-21T17:57:38.303168,ğŸŒ ISP Outage,,,345ec2aaf88608c2
2026-02-21T17:58:03.523639,âœ… Connected,61.749,0.0,345ec2aaf88608c2
2026-02-21T17:58:33.195251,âœ… Connected,61.97,0.0,345ec2aaf88608c2
2026-02-21T17:59:03.169019,ğŸ“¶ Degraded Performance,112.03,0.0,345ec2aaf88608c2
2026-02-21T17:59:34.450003,ğŸ“¶ Degraded Performance,148.051,0.0,345ec2aaf88608c2
2026-02-21T18:00:03.263734,âœ… Connected,56.596,0.0,345ec2aaf88608c2
2026-02-21T18:00:33.876409,âœ… Connected,53.431,0.0,345ec2aaf88608c2
2026-02-21T18:01:03.264312,âœ… Connected,28.343,0.0,345ec2aaf88608c2
2026-02-21T18:01:34.273118,âš ï¸ Unstable Connection,52.229,20.0,345ec2aaf88608c2
2026-02-21T18:02:03.189863,âœ… Connected,55.958,0.0,345ec2aaf88608c2
2026-02-21T18:02:34.934885,ğŸ“¶ Degraded Performance,124.816,0.0,345ec2aaf88608c2
2026-02-21T18:03:08.547298,ğŸŒ ISP Outage,,,345ec2aaf88608c2
2026-02-21T18:03:33.766704,âœ… Connected,43.387,0.0,345ec2aaf88608c2
2026-02-21T18:04:03.256382,âœ… Connected,56.908,0.0,345ec2aaf88608c2
2026-02-21T18:04:33.207110,âœ… Connected,64.164,0.0,345ec2aaf88608c2
2026-02-21T18:05:03.653163,âœ… Connected,66.885,0.0,345ec2aaf88608c2
2026-02-21T18:05:33.466599,âœ… Connected,68.205,0.0,345ec2aaf88608c2
2026-02-21T18:06:03.355860,âœ… Connected,58.261,0.0,345ec2aaf88608c2
2026-02-21T18:06:33.272173,âœ… Connected,90.622,0.0,345ec2aaf88608c2
2026-02-21T18:07:03.293530,âœ… Connected,55.572,0.0,345ec2aaf88608c2
2026-02-21T18:07:34.207139,âœ… Connected,66.031,0.0,345ec2aaf88608c2
2026-02-21T18:08:03.342747,âœ… Connected,62.42,0.0,345ec2aaf88608c2
2026-02-21T18:08:33.775092,âœ… Connected,52.598,0.0,345ec2aaf88608c2
2026-02-21T18:09:03.383098,âœ… Connected,67.619,0.0,345ec2aaf88608c2
2026-02-21T18:09:35.147491,âš ï¸ Unstable Connection,59.655,20.0,345ec2aaf88608c2
2026-02-21T18:10:03.440352,âœ… Connected,48.5,0.0,345ec2aaf88608c2
2026-02-21T18:10:33.464472,âœ… Connected,66.15,0.0,345ec2aaf88608c2
2026-02-21T18:11:03.347627,âœ… Connected,93.817,0.0,345ec2aaf88608c2
2026-02-21T18:11:33.353038,âœ… Connected,54.213,0.0,345ec2aaf88608c2
2026-02-21T18:12:03.582567,ğŸ“¶ Degraded Performance,134.213,0.0,345ec2aaf88608c2
2026-02-21T18:12:33.955970,âœ… Connected,65.362,0.0,345ec2aaf88608c2
2026-02-21T18:13:03.636452,âœ… Connected,73.349,0.0,345ec2aaf88608c2
2026-02-21T18:13:34.698131,âš ï¸ Unstable Connection,55.606,20.0,345ec2aaf88608c2
2026-02-21T18:14:03.818239,âœ… Connected,53.576,0.0,345ec2aaf88608c2
2026-02-21T18:14:33.454438,âœ… Connected,60.441,0.0,345ec2aaf88608c2
2026-02-21T18:15:03.665792,âœ… Connected,61.403,0.0,345ec2aaf88608c2
2026-02-21T18:15:33.892740,âœ… Connected,62.553,0.0,345ec2aaf88608c2
2026-02-21T18:16:04.043924,âœ… Connected,47.581,0.0,345ec2aaf88608c2
2026-02-21T18:16:34.004085,âœ… Connected,81.478,0.0,345ec2aaf88608c2
2026-02-21T18:17:03.376560,âœ… Connected,63.161,0.0,345ec2aaf88608c2
2026-02-21T18:17:33.600666,âœ… Connected,74.204,0.0,345ec2aaf88608c2
2026-02-21T18:18:08.708999,ğŸ“¶ Degraded Performance,115.27,0.0,345ec2aaf88608c2
2026-02-21T18:18:33.827254,âœ… Connected,84.667,0.0,345ec2aaf88608c2
2026-02-21T18:19:04.363019,âœ… Connected,68.751,0.0,345ec2aaf88608c2
2026-02-21T18:19:33.686991,âœ… Connected,67.498,0.0,345ec2aaf88608c2
2026-02-21T18:20:03.599292,ğŸ“¶ Degraded Performance,120.471,0.0,345ec2aaf88608c2
2026-02-21T18:20:33.778150,âœ… Connected,55.123,0.0,345ec2aaf88608c2
2026-02-21T18:21:03.654743,âœ… Connected,54.258,0.0,345ec2aaf88608c2
2026-02-21T18:21:33.462275,âœ… Connected,46.879,0.0,345ec2aaf88608c2
2026-02-21T18:22:03.478744,âœ… Connected,46.189,0.0,345ec2aaf88608c2
2026-02-21T18:22:33.553562,âœ… Connected,50.019,0.0,345ec2aaf88608c2
2026-02-21T18:23:03.363457,âœ… Connected,47.322,0.0,345ec2aaf88608c2
2026-02-21T18:23:33.896741,âœ… Connected,63.181,0.0,345ec2aaf88608c2
2026-02-21T18:24:03.547860,âœ… Connected,62.927,0.0,345ec2aaf88608c2
2026-02-21T18:24:33.600801,âœ… Connected,54.76,0.0,345ec2aaf88608c2
2026-02-21T18:25:03.832894,âœ… Connected,64.861,0.0,345ec2aaf88608c2
2026-02-21T18:25:33.529243,âœ… Connected,91.467,0.0,345ec2aaf88608c2
2026-02-21T18:26:04.813003,âš ï¸ Unstable Connection,73.014,20.0,345ec2aaf88608c2
2026-02-21T18:26:33.578082,âœ… Connected,57.353,0.0,345ec2aaf88608c2
2026-02-21T18:27:04.010746,âœ… Connected,65.228,0.0,345ec2aaf88608c2
2026-02-21T18:27:33.779018,âœ… Connected,67.118,0.0,345ec2aaf88608c2
2026-02-21T18:28:03.663212,âœ… Connected,67.878,0.0,345ec2aaf88608c2
2026-02-21T18:28:34.624560,âœ… Connected,48.625,0.0,345ec2aaf88608c2
2026-02-21T18:29:04.348908,âœ… Connected,60.561,0.0,345ec2aaf88608c2
2026-02-21T18:29:33.653153,âœ… Connected,53.559,0.0,345ec2aaf88608c2
2026-02-21T18:30:03.563287,âœ… Connected,53.166,0.0,345ec2aaf88608c2
2026-02-21T18:30:33.742924,âœ… Connected,63.942,0.0,345ec2aaf88608c2
2026-02-21T18:31:03.897863,âœ… Connected,71.184,0.0,345ec2aaf88608c2
2026-02-21T18:31:33.616596,âœ… Connected,86.311,0.0,345ec2aaf88608c2
2026-02-21T18:32:03.786170,âœ… Connected,94.795,0.0,345ec2aaf88608c2
2026-02-21T18:32:34.058910,âœ… Connected,79.572,0.0,345ec2aaf88608c2
2026-02-21T18:33:03.845484,âœ… Connected,53.231,0.0,345ec2aaf88608c2
2026-02-21T18:33:34.785831,âš ï¸ Unstable Connection,73.174,20.0,345ec2aaf88608c2
2026-02-21T18:34:03.762533,âœ… Connected,55.511,0.0,345ec2aaf88608c2
2026-02-21T18:34:33.659801,âœ… Connected,68.457,0.0,345ec2aaf88608c2
2026-02-21T18:35:03.584964,âœ… Connected,67.892,0.0,345ec2aaf88608c2
2026-02-21T18:35:33.830914,âœ… Connected,57.492,0.0,345ec2aaf88608c2
2026-02-21T18:36:03.926221,ğŸ“¶ Degraded Performance,102.713,0.0,345ec2aaf88608c2
2026-02-21T18:36:33.950714,âœ… Connected,73.198,0.0,345ec2aaf88608c2
2026-02-21T18:37:03.715465,âœ… Connected,72.522,0.0,345ec2aaf88608c2
2026-02-21T18:37:34.027962,âœ… Connected,68.493,0.0,345ec2aaf88608c2
2026-02-21T18:38:04.747073,âš ï¸ Unstable Connection,59.439,20.0,345ec2aaf88608c2
2026-02-21T18:38:34.297092,âœ… Connected,66.302,0.0,345ec2aaf88608c2
2026-02-21T18:39:03.549106,âœ… Connected,55.604,0.0,345ec2aaf88608c2
2026-02-21T18:39:33.497585,âœ… Connected,59.721,0.0,345ec2aaf88608c2
2026-02-21T18:40:03.593027,âœ… Connected,55.203,0.0,345ec2aaf88608c2
2026-02-21T18:40:33.988906,âœ… Connected,95.078,0.0,345ec2aaf88608c2
2026-02-21T18:41:03.925312,âœ… Connected,69.44,0.0,345ec2aaf88608c2
2026-02-21T18:41:34.564648,ğŸ“¶ Degraded Performance,107.383,0.0,345ec2aaf88608c2
2026-02-21T18:42:04.043548,ğŸ“¶ Degraded Performance,101.584,0.0,345ec2aaf88608c2
2026-02-21T18:42:35.437621,âœ… Connected,50.523,0.0,345ec2aaf88608c2
2026-02-21T18:43:04.919080,âš ï¸ Unstable Connection,65.484,20.0,345ec2aaf88608c2
2026-02-21T18:43:33.823448,âœ… Connected,61.128,0.0,345ec2aaf88608c2
2026-02-21T18:44:03.884661,ğŸ“¶ Degraded Performance,105.697,0.0,345ec2aaf88608c2
2026-02-21T18:44:34.839233,âœ… Connected,70.516,0.0,345ec2aaf88608c2
2026-02-21T18:45:04.164851,âœ… Connected,66.228,0.0,345ec2aaf88608c2
2026-02-21T18:45:35.191660,âœ… Connected,80.303,0.0,345ec2aaf88608c2
2026-02-21T18:46:11.375031,âœ… Connected,93.686,0.0,345ec2aaf88608c2
2026-02-21T18:46:34.012391,ğŸ“¶ Degraded Performance,116.687,0.0,345ec2aaf88608c2
2026-02-21T18:47:03.954222,âœ… Connected,71.619,0.0,345ec2aaf88608c2
2026-02-21T18:47:34.009835,âœ… Connected,63.684,0.0,345ec2aaf88608c2
2026-02-21T18:48:04.350783,âœ… Connected,72.498,0.0,345ec2aaf88608c2
2026-02-21T18:48:34.048781,âœ… Connected,76.705,0.0,345ec2aaf88608c2
2026-02-21T18:49:04.515079,âœ… Connected,65.088,0.0,345ec2aaf88608c2
2026-02-21T18:49:34.170588,âœ… Connected,83.851,0.0,345ec2aaf88608c2
2026-02-21T18:50:04.090762,âœ… Connected,81.243,0.0,345ec2aaf88608c2
2026-02-21T18:50:34.399235,âœ… Connected,73.397,0.0,345ec2aaf88608c2
2026-02-21T18:51:04.490363,âœ… Connected,76.238,0.0,345ec2aaf88608c2
2026-02-21T18:51:34.440109,âœ… Connected,75.648,0.0,345ec2aaf88608c2
2026-02-21T18:52:05.314172,âœ… Connected,74.608,0.0,345ec2aaf88608c2
2026-02-21T18:52:34.092782,âœ… Connected,70.376,0.0,345ec2aaf88608c2
2026-02-21T18:53:04.070921,âœ… Connected,76.971,0.0,345ec2aaf88608c2
2026-02-21T18:53:34.983941,âœ… Connected,68.45,0.0,345ec2aaf88608c2
2026-02-21T18:54:08.389894,âš ï¸ Unstable Connection,68.899,20.0,345ec2aaf88608c2
2026-02-21T18:54:34.378137,âœ… Connected,76.224,0.0,345ec2aaf88608c2
2026-02-21T18:55:03.979872,âœ… Connected,61.739,0.0,345ec2aaf88608c2
2026-02-21T18:55:34.511031,âœ… Connected,64.263,0.0,345ec2aaf88608c2
2026-02-21T18:56:04.190810,âœ… Connected,64.675,0.0,345ec2aaf88608c2
2026-02-21T18:56:34.601453,âœ… Connected,78.785,0.0,345ec2aaf88608c2
2026-02-21T18:57:04.730896,âœ… Connected,72.368,0.0,345ec2aaf88608c2
2026-02-21T18:57:34.391482,âœ… Connected,63.147,0.0,345ec2aaf88608c2
2026-02-21T18:58:04.289046,âœ… Connected,70.527,0.0,345ec2aaf88608c2
2026-02-21T18:58:34.215447,âœ… Connected,61.502,0.0,345ec2aaf88608c2
2026-02-21T18:59:04.474611,âœ… Connected,85.131,0.0,345ec2aaf88608c2
2026-02-21T18:59:35.082225,âœ… Connected,67.937,0.0,345ec2aaf88608c2
2026-02-21T19:00:04.288107,âœ… Connected,77.731,0.0,345ec2aaf88608c2
2026-02-21T19:00:35.156571,âœ… Connected,68.772,0.0,345ec2aaf88608c2
2026-02-21T19:01:04.542962,âœ… Connected,63.174,0.0,345ec2aaf88608c2
2026-02-21T19:01:34.107692,âœ… Connected,70.454,0.0,345ec2aaf88608c2
2026-02-21T19:02:04.069056,âœ… Connected,72.85,0.0,345ec2aaf88608c2
2026-02-21T19:02:34.362119,âœ… Connected,82.718,0.0,345ec2aaf88608c2
2026-02-21T19:03:04.162276,âœ… Connected,77.938,0.0,345ec2aaf88608c2
2026-02-21T19:03:34.379009,âœ… Connected,68.193,0.0,345ec2aaf88608c2
2026-02-21T19:04:05.551778,âœ… Connected,67.953,0.0,345ec2aaf88608c2
2026-02-21T19:04:34.057870,âœ… Connected,62.877,0.0,345ec2aaf88608c2
2026-02-21T19:05:05.876192,âš ï¸ Unstable Connection,63.878,20.0,345ec2aaf88608c2
2026-02-21T19:05:34.158463,âœ… Connected,69.166,0.0,345ec2aaf88608c2
2026-02-21T19:06:04.140415,âœ… Connected,64.333,0.0,345ec2aaf88608c2
2026-02-21T19:06:35.318984,âœ… Connected,88.641,0.0,345ec2aaf88608c2
2026-02-21T19:07:03.958336,âœ… Connected,56.672,0.0,345ec2aaf88608c2
2026-02-22T22:06:28.357270,âœ… Connected,6.922,0.0,345ec2aaf88608c2
2026-02-22T22:06:58.505155,âœ… Connected,22.289,0.0,345ec2aaf88608c2
2026-02-22T22:07:28.403293,âœ… Connected,7.152,0.0,345ec2aaf88608c2
2026-02-22T22:07:58.423296,âœ… Connected,15.973,0.0,345ec2aaf88608c2
2026-02-22T22:08:28.633223,âœ… Connected,7.894,0.0,345ec2aaf88608c2
2026-02-22T22:08:58.439970,âœ… Connected,22.731,0.0,345ec2aaf88608c2
2026-02-22T22:09:28.494751,âœ… Connected,20.304,0.0,345ec2aaf88608c2
